"I_D","FLAG_TSUNAMI","YEAR","MONTH","DAY","HOUR","MINUTE","SECOND","FOCAL_DEPTH","EQ_PRIMARY","EQ_MAG_MW","EQ_MAG_MS","EQ_MAG_MB","EQ_MAG_ML","EQ_MAG_MFA","EQ_MAG_UNK","INTENSITY","COUNTRY","STATE","LOCATION_NAME","LATITUDE","LONGITUDE","REGION_CODE","DEATHS","DEATHS_DESCRIPTION","MISSING","MISSING_DESCRIPTION","INJURIES","INJURIES_DESCRIPTION","DAMAGE_MILLIONS_DOLLARS","DAMAGE_DESCRIPTION","HOUSES_DESTROYED","HOUSES_DESTROYED_DESCRIPTION","HOUSES_DAMAGED","HOUSES_DAMAGED_DESCRIPTION","TOTAL_DEATHS","TOTAL_DEATHS_DESCRIPTION","TOTAL_MISSING","TOTAL_MISSING_DESCRIPTION","TOTAL_INJURIES","TOTAL_INJURIES_DESCRIPTION","TOTAL_DAMAGE_MILLIONS_DOLLARS","TOTAL_DAMAGE_DESCRIPTION","TOTAL_HOUSES_DESTROYED","TOTAL_HOUSES_DESTROYED_DESCRIPTION","TOTAL_HOUSES_DAMAGED","TOTAL_HOUSES_DAMAGED_DESCRIPTION"
"7223","","2006","2","14","0","55"," 25.0","30"," 5.3"," 5.3"," 4.8"," 5.4","","","","","INDIA","","INDIA:  SIKKIM","  27.382","   88.388","60","       2","1","","","         2","1","","1","","","","","       2","1","","","2","1","","1","","","",""
"7225","","2006","2","22","22","19","  7.8","11"," 7.0"," 7.0"," 7.5"," 6.5","","","","","MOZAMBIQUE","","MOZAMBIQUE"," -21.324","   33.583","10","       4","1","","","        36","1","","2","294","3","","","       4","1","","","36","1","","2","294","3","",""
"7229","","2006","3","10","7","50"," 14.3","10"," 4.9","",""," 4.9","","","","","PAKISTAN","","PAKISTAN:  MIRPUR DISTRICT","  33.129","   73.887","60","       1","1","","","        22","1","","","","","","","       1","1","","","22","1","","","","","",""
"7231","","2006","3","20","19","44"," 25.1","10"," 4.9",""," 4.9"," 5.0","","","","","ALGERIA","","ALGERIA:  NORTHERN","  36.623","    5.328","15","       4","1","","","         9","1","","","62","2","62","2","       4","1","","","9","1","","","62","2","",""
"7232","","2006","3","25","7","28"," 57.6","18"," 5.9"," 5.9"," 5.5"," 5.7","","","","","IRAN","","IRAN:  SOUTHERN","  27.574","   55.685","140","       1","1","","","         1","1","","1","","","","","       1","1","","","1","1","","1","","","",""
"7234","","2006","3","31","1","17","   .9","7"," 6.1"," 6.1"," 6.0"," 5.7","","","","","IRAN","","IRAN:  WESTERN:  BORUJERD, DORUD","  33.500","   48.780","140","      70","2","","","      1300","4","","3","","3","","3","      70","2","","","1300","4","","3","","3","",""
"7245","","2006","5","26","22","53"," 58.9","13"," 6.3"," 6.3"," 6.2"," 6.0","","","","","INDONESIA","","INDONESIA:   JAVA:  BANTUL, YOGYAKARTA","  -7.961","  110.446","60","    5749","4","","","     38568","4","    3100.000","4","127000","4","127000","4","    5749","4","","","38568","4","    3100.000","4","127000","4","",""
"7246","","2006","6","3","7","15"," 35.6","5"," 5.1","","","","5.1","","","","IRAN","","IRAN:  SOUTHERN:  QESHM","  26.759","   55.843","140","       2","1","","","         4","1","","1","","2","","2","       2","1","","","4","1","","1","","2","",""
"7321","","2006","7","22","1","10"," 29.0","56"," 4.9"," 4.9"," 4.6"," 5.0","","","","","CHINA","","CHINA:  YANJIN","  27.995","  104.138","30","      22","1","","","       106","3","","","","","","","      22","1","","","106","3","","","","","",""
"7363","","2006","7","29","0","11"," 51.3","34"," 5.6"," 5.6"," 5.2"," 4.8","","","","","TAJIKISTAN","","TAJIKISTAN:  PANJ-QUMSANGIR","  37.255","   68.828","40","       3","1","","","        19","1","","","721","3","721","3","       3","1","","","19","1","","","721","3","",""
"7367","","2006","8","25","5","51"," 44.3","22"," 4.6",""," 4.6"," 5.2","","","","","CHINA","","CHINA:  SICHUAN PROVINCE","  28.012","  104.151","30","       1","1","","","        31","1","","2","","","","","       1","1","","","31","1","","2","","","",""
"7409","","2006","9","29","18","23","  5.9","52"," 5.5"," 5.5"," 4.8"," 5.3","","","","","TRINIDAD AND TOBAGO","","TRINIDAD:  GASPARILLO","  10.814","  -61.758","90","       1","1","","","","","","","","","","","       1","1","","","","","","","","","",""
"7420","","2006","12","1","14","1"," 47.5","43"," 6.3"," 6.3"," 6.0"," 5.9","","","","","INDONESIA","","INDONESIA:  SUMABAWA:  BIMA","  -8.251","  118.777","170","       1","1","","","        14","1","","1","20","1","","","       1","1","","","14","1","","1","20","1","",""
"7444","","2006","12","17","21","39"," 17.4","30"," 5.8"," 5.8"," 5.8"," 5.5","","","","","INDONESIA","","INDONESIA:  SUMATERA:  NORTHERN, MUARASIPONGI","    .626","   99.859","170","       7","1","","","       100","2","","3","680","3","","","       7","1","","","100","2","","3","680","2","",""
"7413","Tsu","2006","12","26","12","26"," 21.1","10"," 7.0"," 7.0"," 7.3"," 6.4","","","","","TAIWAN","","TAIWAN:  PINGTUNG","  21.799","  120.547","30","       2","1","","","        40","1","","1","","2","","","       2","1","","","40","1","","1","","2","",""
"7456","","2007","1","21","11","27"," 45.0","22"," 7.5"," 7.5"," 7.3"," 6.7","","","","","INDONESIA","","INDONESIA:  MOLUCCA ISLANDS:  N","   1.065","  126.282","170","       4","1","","","         4","1","","1","","","","","       4","1","","","4","1","","1","","","",""
"7481","","2007","3","6","3","49"," 38.9","19"," 6.4"," 6.4"," 6.4"," 5.9","","","","8","INDONESIA","","INDONESIA:  SUMATRA:  SOUTHERN","   -.493","  100.498","170","      67","2","","","       826","3","","3","43719","4","43719","4","      67","2","","","826","3","","3","43719","4","",""
"7448","Tsu","2007","3","25","0","41"," 57.8","8"," 6.7"," 6.7"," 6.8"," 6.1","","","","","JAPAN","","JAPAN:  HONSHU:  W COAST","  37.336","  136.588","30","       1","1","","","       150","3","","3","58","2","455","3","       1","1","","","150","3","","3","58","2","455","3"
"7457","Tsu","2007","4","1","20","39"," 56.3","24"," 8.1"," 8.1"," 7.9"," 6.8","","","","","SOLOMON ISLANDS","","SOLOMON ISLANDS","  -8.466","  157.043","170","      54","2","","","","","","3","300","3","500","3","      54","2","","","","","","3","2500","4","500","3"
"7525","","2007","6","2","21","34"," 57.7","5"," 6.1"," 6.1"," 6.3"," 5.7","","","","","CHINA","","CHINA:  YUNNAN PROVINCE:  NING'ER","  23.028","  101.052","30","       3","1","","","       329","3","     310.000","4","","","","","       3","1","","","329","3","     310.000","4","","","",""
"7521","Tsu","2007","7","16","1","13"," 22.0","10"," 6.6"," 6.6","","","","","","","JAPAN","","JAPAN:  HONSHU:  W COAST","  37.570","  138.478","30","       9","1","","","      1088","4","   12500.000","4","","","875","3","       9","1","","","1088","4","   12500.000","4","","","875","3"
"7597","","2007","7","21","22","44"," 13.5","10"," 5.2"," 5.2"," 5.0"," 5.6","","","","","TAJIKISTAN","","TAJIKISTAN:  RASHT, ASHT","  38.936","   70.485","40","      12","1","","","","","","","","","","","      12","1","","","","","","","","","",""
"7531","Tsu","2007","8","2","2","37"," 42.3","5"," 6.2"," 6.2"," 6.2"," 5.3","","","","","RUSSIA","","RUSSIA:  TATAR STRAIT","  47.116","  141.798","50","       2","1","","","        12","1","","1","11","1","20","1","       2","1","","","12","1","","1","11","2","20","1"
"7601","","2007","8","6","8","48"," 40.0","2"," 4.2","",""," 4.2","3.9","","","","USA","UT","UTAH:  HUNTINGTON","  39.465"," -111.237","150","       9","1","","","","1","","","","","","","       9","1","","","","1","","","","","",""
"7537","Tsu","2007","8","15","23","40"," 57.8","39"," 8.0"," 8.0"," 7.9"," 6.7","","","","8","PERU","","PERU:  ICA, PISCO, LIMA"," -13.386","  -76.603","160","     514","3","","","      1090","4","","4","39700","4","","","     514","3","","","1090","4","","4","39700","4","",""
"7614","","2007","8","17","0","38"," 56.0","0"," 1.6","","","","1.6","","","","USA","UT","UTAH","  39.464"," -111.207","150","       3","1","","","         6","1","","","","","","","       3","1","","","6","1","","","","","",""
"7574","Tsu","2007","9","12","11","10"," 26.8","34"," 8.4"," 8.4"," 8.5"," 6.9","","","","","INDONESIA","","INDONESIA:  SUMATRA","  -4.438","  101.367","60","      25","1","","","       161","3","","3","56425","4","56425","4","      25","1","","","161","3","","3","56425","4","",""
"7697","","2007","10","26","6","50","  6.6","10"," 4.8",""," 4.8"," 5.3","","","","","PAKISTAN","","PAKISTAN:  GHANCHE","  35.304","   76.753","60","       1","1","","","        12","1","","","","","","","       1","1","","","12","1","","","","","",""
"7699","","2007","11","6","9","38","  5.7","10"," 5.1"," 5.1",""," 5.0","","","","","INDIA","","INDIA:  GUJARAT","  21.181","   70.724","60","       1","1","","","         5","1","","1","","2","","2","       1","1","","","5","1","","1","","2","",""
"7700","","2007","11","7","4","12"," 38.6","72"," 5.1","",""," 5.1","","","","","PHILIPPINES","","PHILIPPINES:  BOHOL ISLAND:  MABINI","   9.721","  124.647","170","       1","1","","","","","","","","","","","       1","1","","","","","","","","","",""
"7634","Tsu","2007","11","14","15","40"," 50.5","40"," 7.7"," 7.7"," 7.4"," 6.7","","","","8","CHILE","","CHILE:  TOCOPILLA, MARIA ELENA"," -22.247","  -69.890","160","       2","1","","","        65","2","","3","","4","","","       2","1","","","65","2","","3","","4","",""
"7674","","2007","11","25","16","2"," 17.9","35"," 6.5"," 6.5",""," 6.2","6.3","","","","INDONESIA","","INDONESIA:  SUMBAWA ISLAND","  -8.277","  118.339","170","       3","1","","","","3","","2","","3","","","       3","1","","","","3","","2","","3","",""
"7675","Tsu","2007","11","29","19","0"," 20.4","156"," 7.4"," 7.4",""," 6.9","","","","","MARTINIQUE","","MARTINIQUE","  14.944","  -61.274","90","       1","1","","","       102","3","","1","","","","","       1","1","","","102","3","","1","","","",""
"7708","","2007","12","9","2","3"," 29.4","10"," 4.6","",""," 4.6","","","","","BRAZIL","","BRAZIL:  MINAS GERAIS"," -15.048","  -44.231","160","       1","1","","","         6","1","","2","76","2","","","       1","1","","","6","1","","2","76","2","",""
"7724","","2007","12","20","7","55"," 15.8","20"," 6.6"," 6.6"," 6.5"," 6.3","6.9","","","7","NEW ZEALAND","","NEW ZEALAND:  OFF COAST NORTH ISLAND"," -39.011","  178.291","170","       1","1","","","","","","1","3","1","","","       1","1","","","","","","1","3","1","",""
"7748","","2008","1","9","22","24","  3.8","10"," 4.6","",""," 4.6","5.3","","","","ALGERIA","","ALGERIA:  ORAN","  35.616","    -.570","15","       1","1","","","","","","2","","","","","       1","1","","","","","","2","","","","2"
"7750","","2008","1","22","17","14"," 57.9","20"," 6.1"," 6.1",""," 5.9","","","","","INDONESIA","","INDONESIA:  SUMATRA:  NIAS ISLAND:  GUNUNGSITOLI","   1.011","   97.442","170","       1","1","","","         5","1","","1","","","","","       1","1","","","5","1","","1","","","","2"
"7764","","2008","2","3","7","34"," 12.1","10"," 5.9"," 5.9"," 5.8"," 6.1","","","","","CONGO","","CONGO:  BUKAVU","  -2.296","   28.900","10","      38","1","","","       717","3","","3","99","2","815","3","      38","1","","","717","3","","3","99","2","815","3"
"7765","","2008","2","6","6","9"," 40.4","10"," 4.3","",""," 4.3","","","","","INDIA","","INDIA:  WEST BENGAL","  23.433","   87.111","60","       1","1","","","        50","1","","2","","","","","       1","1","","","50","1","","2","","","","3"
"7768","","2008","2","14","2","7"," 46.7","10"," 4.9",""," 4.9"," 5.4","","","","","RWANDA","","RWANDA:  GISENYI","  -2.404","   28.918","10","       1","1","","","       109","3","","1","","","5","1","       1","1","","","109","3","","1","","","5","1"
"7870","","2008","2","20","8","8"," 30.5","26"," 7.4"," 7.4"," 7.5"," 6.5","","","","","INDONESIA","","INDONESIA:  SUMATERA:  ACEH PROVINCE","   2.768","   95.964","170","       3","1","","","        25","1","","","","","","","       3","1","","","25","1","","","","","",""
"7843","Tsu","2008","5","12","6","28","  1.5","19"," 7.9"," 7.9"," 8.1"," 6.9","","","","9","CHINA","","CHINA:  SICHUAN PROVINCE","  31.002","  103.322","30","   87652","4","","","    374171","4","   86000.000","4","5360000","4","5360000","4","   87652","4","","","374171","4","   86000.000","4","5360000","4","21000000","4"
"7879","","2008","5","24","19","20"," 42.4","9"," 5.6"," 5.6","","","","","","","COLOMBIA","","COLOMBIA:  META, QUETAME","   4.330","  -73.764","160","       6","1","","","","","","1","","","","2","       6","1","","","","","","1","","","","2"
"7881","","2008","5","25","8","21"," 48.7","10"," 6.0"," 6.0"," 6.0"," 5.8","","","","","CHINA","","CHINA:  SICHUAN PROVINCE","  32.570","  105.424","30","       8","1","","","       927","3","","4","400000","4","400000","4","       8","1","","","927","3","","4","400000","4","",""
"8125","","2008","6","6","20","2"," 56.8","4"," 5.5"," 5.5"," 5.3"," 5.5","","","","","ALGERIA","","ALGERIA:  ORAN","  35.883","    -.658","15","       1","1","","","        30","1","","2","","2","","2","       1","1","","","30","1","","2","","2","",""
"7925","","2008","6","8","12","25"," 29.7","16"," 6.3"," 6.3"," 6.3"," 6.2","","","","","GREECE","","GREECE:  ACHAIA, ILEIA","  37.963","   21.525","130","       2","1","","","       240","3","","3","1156","4","","","       2","1","","","240","3","","3","1156","4","",""
"7907","","2008","6","13","23","43"," 45.3","8"," 6.9"," 6.9"," 7.0"," 6.5","","","","","JAPAN","","JAPAN:  HONSHU:  TOKYO","  39.030","  140.881","30","      13","1","","","       357","3","","3","","","614","3","      13","1","","","357","3","","3","","","614","3"
"8163","","2008","7","8","9","13","  7.4","123"," 6.2"," 6.2",""," 5.8","","","","","PERU","","PERU:  AREQUIPA"," -15.986","  -71.748","160","       1","1","","","","","","1","","","","2","       1","1","","","","","","1","","","","2"
"8164","","2008","7","23","15","26"," 19.9","108"," 6.8"," 6.8",""," 6.6","","","","","JAPAN","","JAPAN:  HONSHU:  N","  39.802","  141.464","30","       1","1","","","       200","3","","2","90","2","90","2","       1","1","","","200","3","","2","","","90","2"
"8165","","2008","7","24","7","9"," 30.0","10"," 5.6"," 5.6"," 5.4"," 5.6","","","","","CHINA","","CHINA:  SICHUAN PROVINCE","  32.747","  105.542","30","       1","1","","","        17","1","","3","1200","4","1200","4","       1","1","","","17","1","","3","1200","4","",""
"8168","","2008","8","5","9","49"," 17.2","6"," 6.0"," 6.0"," 6.0"," 5.9","","","","","CHINA","","CHINA:  SICHUAN PROVINCE","  32.756","  105.494","30","       4","1","","","        29","1","","1","","","","","       4","1","","","29","1","","1","","","","1"
"8172","","2008","8","21","12","24"," 29.5","1"," 6.0"," 6.0"," 5.9"," 5.6","","","","","CHINA","","CHINA:  YUNNAN PROVINCE","  25.044","   97.684","30","       5","1","","","       127","3","","3","","","","","       5","1","","","127","3","","3","","","",""
"8132","","2008","8","30","8","30"," 54.0","17"," 5.9"," 5.9"," 5.8"," 5.7","","","","","CHINA","","CHINA:  SICHUAN PROVINCE","  26.272","  101.937","30","      43","1","","","       589","3","","4","392000","4","392000","4","      43","1","","","589","3","","4","392000","4","",""
"8185","","2008","9","9","3","7"," 27.5","25"," 5.4","",""," 5.4","","","","","INDONESIA","","INDONESIA:  SUMATRA:  SOUTHERN","  -3.935","  103.058","60","       2","1","","","","","","2","","","","","       2","1","","","","","","2","","","113","3"
"8133","","2008","9","10","11","0"," 34.0","12"," 6.1"," 6.1"," 6.0"," 6.1","","","","","IRAN","","IRAN:  HORMOZGAN PROVINCE","  26.743","   55.828","140","       7","1","","","        45","1","","3","","3","","3","       7","1","","","45","1","","3","","3","","3"
"8186","","2008","9","16","21","47"," 14.5","10"," 5.0","",""," 5.0","","","","","INDIA","","INDIA:  MAHARASHTRA","  17.438","   73.915","60","       1","1","","","        20","1","","3","","","","","       1","1","","","20","1","","3","","","1500","4"
"8160","","2008","10","5","15","52"," 49.4","27"," 6.6"," 6.6"," 6.9"," 6.4","","","","","KYRGYZSTAN","","KYRGYZSTAN: NURA","  39.533","   73.824","40","      74","2","","","       140","3","","2","","2","","","      74","2","","","140","3","","2","","2","",""
"8161","","2008","10","6","8","30"," 45.5","12"," 6.3"," 6.3"," 6.2"," 6.0","","","","","CHINA","","CHINA:  TIBET (XIZANG PROVINCE)","  29.807","   90.350","40","       9","1","","","        19","1","","2","","3","","","       9","1","","","19","1","","2","","3","",""
"8162","","2008","10","11","9","6"," 10.7","16"," 5.7"," 5.7"," 5.5"," 5.6","","","","","RUSSIA","","RUSSIA:  CAUCASUS:  CHECHNYA","  43.372","   46.254","40","      13","1","","","       100","2","","3","","","1027","4","      13","1","","","100","2","","3","","","1027","4"
"8177","","2008","10","28","23","9"," 57.6","15"," 6.4"," 6.4"," 6.6"," 6.3","","","","","PAKISTAN","","PAKISTAN:  QUETTA","  30.639","   67.351","60","     166","3","","","       370","3","","4","3487","4","3487","4","     166","3","","","370","3","","4","3487","4","4125","4"
"8191","Tsu","2008","11","16","17","2"," 32.7","30"," 7.3"," 7.3"," 7.0"," 6.5","","","","","INDONESIA","","INDONESIA:  MINAHASSA PENINSULA","   1.271","  122.091","170","       6","1","","","        77","2","","3","","","1000","3","       6","1","","","77","2","","3","","","1000","3"
"8208","","2008","11","22","22","27"," 55.1",""," 4.1","","","","4.1","","","","CZECH REPUBLIC","","CZECH REPUBLIC:  KARVINA","  49.914","   18.455","110","       2","1","","","         3","1","","1","","","","","       2","1","","","3","1","","1","","","",""
"8254","","2008","12","9","18","53"," 11.1","25"," 4.5",""," 4.5"," 5.5","","","","","CHINA","","CHINA:  SICHUAN PROVINCE","  32.518","  105.395","30","       2","1","","","         3","1","","","","","","","       2","1","","","3","1","","","","","",""
"8204","Tsu","2009","1","3","19","43"," 50.6","17"," 7.6"," 7.6"," 7.5"," 6.6","","","","","INDONESIA","","PAPUA NEW GUINEA:  NEAR NORTH COAST","   -.414","  132.885","170","       5","1","","","       250","3","","3","","","840","3","       5","1","","","250","3","","3","","","840","3"
"8210","","2009","1","8","19","21"," 35.6","14"," 6.1"," 6.1"," 6.0"," 5.7","","","","","COSTA RICA","","COSTA RICA:  LA PAZ","  10.165","  -84.197","100","      23","1","17","1","       100","2","","3","518","3","","","      23","1","17","1","100","2","","3","518","3","",""
"8264","","2009","4","6","1","32"," 39.0","9"," 6.3"," 6.3"," 6.2"," 5.6","","","","","ITALY","","ITALY:  L'AQUILA","  42.334","   13.334","130","     309","3","","","      1500","4","    2500.000","4","15000","4","","","     309","3","","","1500","4","    2500.000","4","15000","4","",""
"8277","","2009","4","7","17","47"," 37.0","15"," 5.5"," 5.5"," 5.4"," 5.4","","","","","ITALY","","ITALY:  L'AQUILA","  42.275","   13.464","130","       1","1","","","","","","1","","","","1","       1","1","","","","","","1","","","","1"
"8318","","2009","4","16","21","27"," 51.3","6"," 5.4","",""," 5.4","","","","","AFGHANISTAN","","AFGHANISTAN:  NANGARHAR","  34.185","   70.076","40","      19","1","","","        51","2","","2","200","3","200","3","      19","1","","","51","2","","2","200","3","",""
"8297","Tsu","2009","5","28","8","24"," 45.0","10"," 7.3"," 7.3"," 7.2"," 6.7","","","","","HONDURAS","","HONDURAS:  NORTHERN; BELIZE","  16.720","  -86.236","90","       7","1","","","        40","1","","2","135","3","25","1","       7","1","","","40","1","","2","135","3","25","1"
"8383","","2009","6","13","17","17"," 38.2","15"," 5.4"," 5.4"," 5.1"," 5.8","","","","","KAZAKHSTAN","","KAZAKHSTAN:  TEKELI","  44.724","   78.864","40","       1","1","","","","","","1","","","","2","       1","1","","","","","","1","","","","2"
"8492","","2009","8","8","13","26"," 17.5","10"," 3.4","",""," 3.4","","","","","CHINA","","CHINA:  CHONGQING PROVINCE:  RONGCHANG","  29.358","  105.438","30","       2","1","","","         1","1","","2","440","3","440","3","       2","1","","","1","1","","2","440","3","",""
"8377","Tsu","2009","8","10","20","7","  9.1","40"," 6.4"," 6.4",""," 6.1","","","","","JAPAN","","JAPAN:  HONSHU:  S COAST","  34.743","  138.264","30","       1","1","","","       123","3","","3","","","5192","4","       1","1","","","123","3","","3","","","5192","4"
"8386","","2009","9","2","7","55","  1.0","46"," 7.0"," 7.0"," 7.0"," 6.8","","","","","INDONESIA","","INDONESIA:  JAVA","  -7.782","  107.297","170","      81","2","","","      1297","3","","3","","","","","      81","2","","","1297","3","","3","","","54000","4"
"8392","","2009","9","21","8","53","  5.9","14"," 6.1"," 6.1"," 6.1"," 6.1","","","","","BHUTAN","","BHUTAN:  TASHIGANG","  27.332","   91.437","60","      11","1","","","","","","3","","3","","3","      11","1","","","","3","","3","","3","",""
"8409","Tsu","2009","9","30","10","16","  9.2","81"," 7.5"," 7.5",""," 7.1","","","","","INDONESIA","","INDONESIA:  SUMATRA:  PADANG","   -.720","   99.867","60","    1117","4","","","      1214","4","    2200.000","4","","3","181665","4","    1117","4","","","1214","4","    2200.000","4","","3","181665","4"
"8552","","2009","10","1","1","52"," 27.3","10"," 6.6"," 6.6"," 6.7"," 5.9","","","","","INDONESIA","","INDONESIA:  SUMATRA:  SOUTHERN:  KERINCI","  -2.515","  101.501","170","       3","1","","","","","      10.000","3","","3","","3","       3","1","","","","","      10.000","3","","3","",""
"8574","","2009","10","22","19","51"," 27.5","18"," 6.1"," 6.1",""," 6.1","","","","","AFGHANISTAN","","AFGHANISTAN:  HINDU KUSH","  36.517","   70.950","40","       5","1","","","","","","1","","","","","       5","1","","","","","","1","","","",""
"8451","","2009","11","8","19","41"," 43.3","18"," 6.6"," 6.6"," 6.5"," 6.3","","","","","INDONESIA","","INDONESIA:  SUMABAWA:  BIMA","  -8.207","  118.631","170","       2","1","","","       200","3","       2.430","2","","","","","       2","1","","","200","3","       2.430","2","","","","2"
"8792","","2009","12","6","21","51"," 59.8","2"," 3.5","","","","3.5","","","","SOUTH AFRICA","","SOUTH AFRICA:  CARLETONVILLE"," -26.414","   27.494","10","       2","1","","","         3","1","","","","","","","       2","1","","","3","1","","","","","",""
"8793","","2009","12","8","3","8"," 57.2","8"," 5.9"," 5.9"," 5.9"," 5.9","","","","","MALAWI","","MALAWI:  KARONGA","  -9.948","   33.878","10","       1","1","","","        15","1","","3","","","","","       1","1","","","15","1","","3","","","3000","4"
"8632","","2009","12","19","23","19"," 15.5","6"," 6.0"," 6.0"," 6.0"," 6.0","","","","","MALAWI","","MALAWI:  KARONGA"," -10.108","   33.818","10","       3","1","","","       250","3","","3","1111","4","1111","4","       3","1","","","250","3","","3","1111","4","3565","4"
"8992","","2010","1","10","0","25","  4.2","65"," 5.1","",""," 5.1","","","","","INDONESIA","","INDONESIA:  JAVA:  GARUT","  -7.907","  107.879","60","       1","1","","","         2","1","","","","","","","       1","1","","","2","1","","","","","",""
"8732","Tsu","2010","1","12","21","53"," 10.0","13"," 7.0"," 7.0"," 7.3"," 6.8","","","","","HAITI","","HAITI:  PORT-AU-PRINCE","  18.457","  -72.533","90","  316000","4","","","     30000","4","    8000.000","4","97294","4","188383","4","  316000","4","","","300000","4","    8000.000","4","97294","4","188383","4"
"8995","","2010","1","17","9","37"," 26.1","27"," 4.4","",""," 4.4","","","","","CHINA","","CHINA:  GUIZHOU PROVINCE","  25.558","  105.804","30","       7","1","1","","         9","1","","","","","","","       7","1","1","1","9","1","","","","","",""
"8752","","2010","1","30","21","36"," 58.0","10"," 4.7",""," 4.7"," 5.1","","","","","CHINA","","CHINA:  SICHUAN PROVINCE: MOXI","  30.268","  105.668","30","       1","1","","","        15","1","","2","200","3","200","3","       1","1","","","15","1","","2","200","3","",""
"8872","Tsu","2010","2","27","6","34"," 11.5","23"," 8.8"," 8.8"," 8.5"," 7.2","","","","9","CHILE","","CHILE:  MAULE, CONCEPCION, TALCAHUANO"," -36.122","  -72.898","160","     402","3","","","     12000","4","   30000.000","4","","","500000","4","     558","3","","","12000","4","   30000.000","4","","","500000","4"
"9053","","2010","2","27","15","45"," 37.0","10"," 6.3","",""," 6.3","","","","","ARGENTINA","","ARGENTINA:  SALTA"," -24.872","  -65.602","160","       2","1","","","         2","1","","","","","","","       2","1","","","2","1","","","","","",""
"8892","","2010","3","8","2","32"," 34.7","12"," 6.1"," 6.1"," 6.0"," 5.9","","","","","TURKEY","","TURKEY:  ELAZIG PROVINCE:  OKCULAR, YUKARI DEMIRCI","  38.864","   39.986","140","      51","2","","","       100","2","","2","287","3","287","3","      51","2","","","100","2","","2","287","3","700","3"
"8932","","2010","4","4","22","40"," 43.1","4"," 7.2"," 7.2"," 7.3"," 6.4","","","","","MEXICO","","MEXICO:  BAJA CALIFORNIA","  32.297"," -115.278","150","       2","1","","","       233","3","    1150.000","4","","","","3","       2","1","","","233","3","    1150.000","4","","","","3"
"8972","","2010","4","13","23","49"," 38.3","17"," 6.9"," 6.9"," 7.0"," 6.5","","","","","CHINA","","CHINA:  QINGHAI PROVINCE:  YUSHU","  33.165","   96.548","30","    2220","4","70","2","     12135","4","     500.000","4","15000","4","","","    2220","4","70","2","12135","4","     500.000","4","15000","4","",""
"9012","","2010","4","18","20","28"," 50.2","13"," 5.6"," 5.6"," 5.4"," 5.7","","","","","AFGHANISTAN","","AFGHANISTAN:  SAMANGAN PROVINCE","  35.633","   67.658","40","      11","1","","","        70","2","","4","2000","4","","","      11","1","","","70","2","","4","2000","4","",""
"9132","","2010","5","14","12","29"," 22.3","2"," 5.2","",""," 5.2","5.2","","","","ALGERIA","","ALGERIA:  NORTHERN:  BENI YELLMAN","  35.900","    4.120","15","       2","1","","","        43","1","","","","","","","       2","1","","","43","1","","","","","",""
"9292","","2010","6","16","3","16"," 27.5","18"," 7.0"," 7.0"," 7.1"," 6.7","","","","6","INDONESIA","","INDONESIA: NEW GUINEA:  IRIAN JAYA: JAPEN","  -2.174","  136.543","170","      17","1","","","","","","3","2556","4","","","      17","1","","","","","","3","2556","4","",""
"9767","","2010","6","30","7","22"," 27.6","20"," 6.2"," 6.2"," 6.0"," 5.9","","","","","MEXICO","","MEXICO:  SAN ANDRES HUAXPALTEPEC","  16.396","  -97.782","150","       1","1","","","","","","","","","","","       1","1","","","","","","","","","",""
"9412","","2010","7","20","19","38","  9.5","10"," 5.8"," 5.8",""," 5.6","","","","","IRAN","","IRAN:  FARSINAJ","  27.022","   53.861","140","       1","1","","","        32","1","","2","","","","3","       1","1","","","32","1","","2","","","","3"
"9472","","2010","8","27","19","23"," 49.5","7"," 5.7"," 5.7"," 5.5"," 5.6","","","","","IRAN","","IRAN:  DAMGHAN-TORUD","  35.490","   54.470","140","       3","1","","","       200","3","","3","700","3","","","       3","1","","","200","3","","3","700","3","",""
"9552","","2010","9","27","11","22"," 46.0","27"," 5.8"," 5.8"," 5.6"," 5.9","6","","","","IRAN","","IRAN:  SHIRAZ","  29.647","   51.665","140","       1","1","","","         3","1","","1","","1","","","       1","1","","","3","1","","1","","1","",""
"9777","","2010","10","10","21","44"," 25.9","33"," 5.2","",""," 5.2","","","","","PAKISTAN","","PAKISTAN:  KHANPUR, HARIPUR","  33.869","   72.887","60","       1","1","","","        15","1","","2","","","100","1","       1","1","","","15","1","","1","","","100","2"
"9632","","2010","11","3","0","56"," 55.0","1"," 5.5"," 5.5"," 5.2"," 5.3","","","","6","SERBIA AND MONTENEGRO","","BALKANS NW: SERBIA:  KRALJEVO","  43.760","   20.673","130","       2","1","","","       100","2","","3","1000","3","5000","4","       2","","","","100","2","","3","1000","3","5000","4"
"9760","","2010","12","20","18","41"," 59.2","12"," 6.5"," 6.5"," 6.7"," 6.7","","","","","IRAN","","IRAN:  KERMAN","  28.412","   59.180","140","       7","1","","","        25","1","","3","","3","1800","4","       7","1","","","25","1","","3","","3","1800","4"
"9763","","2011","1","18","20","23"," 23.4","68"," 7.2"," 7.2",""," 6.7","","","","","PAKISTAN","","PAKISTAN: GARHI KHAIRO, QUETTA, BALOCHISTAN","  28.777","   63.951","60","       3","1","","","","2","","2","200","3","200","3","       3","1","","","","2","","2","","","200","3"
"9831","","2011","2","4","13","53"," 46.2","85"," 6.3"," 6.3",""," 6.4","","","","","MYANMAR (BURMA)","","MYANMAR (BURMA):  MONYWA","  24.618","   94.680","60","       1","1","","","","","","1","","2","","","       1","1","","","","","","1","","2","",""
"9779","","2011","2","21","23","51"," 42.3","6"," 6.1"," 6.1"," 6.3"," 6.1","6.3","","","","NEW ZEALAND","","NEW ZEALAND:  CHRISTCHURCH, LYTTELTON"," -43.583","  172.680","170","     181","3","","","      1500","4","   15000.000","4","100000","4","","","     181","3","","","1500","4","   15000.000","4","100000","4","",""
"9836","","2011","3","10","4","58"," 16.0","26"," 5.5"," 5.5"," 5.3"," 5.4","5.4","","","","CHINA","","CHINA:  YUNNAN PROVINCE:  PINGYUAN","  24.719","   97.969","30","      25","1","","","       250","3","","3","1039","4","12528","","      25","1","","","250","3","","3","1039","4","12528","4"
"9799","Tsu","2011","3","11","5","46"," 24.1","30"," 9.1"," 9.1"," 8.3"," 7.2","","","","","JAPAN","","JAPAN:  HONSHU","  38.297","  142.372","30","    1476","4","","","      6152","4","  220000.000","4","127511","4","273796","4","   18453","4","","","6152","4","  220085.456","4","127511","4","273796","4"
"9801","","2011","3","24","13","55"," 12.0","8"," 6.8"," 6.8"," 7.1"," 6.3","7.2","","","","MYANMAR (BURMA)","","MYANMAR:  TACHILEK","  20.687","   99.822","60","      75","2","","","       123","3","       3.600","2","","","10104","4","      75","2","","","123","3","       3.600","2","","","10104","4"
"9804","Tsu","2011","4","7","14","32"," 43.2","42"," 7.1"," 7.1"," 7.0"," 6.9","","","","","JAPAN","","JAPAN: NEAR E COAST HONSHU","  38.276","  141.588","30","       3","1","","","       132","3","","1","","","","","       3","1","","","132","3","","1","","","",""
"9841","","2011","4","11","8","16"," 12.7","11"," 6.6"," 6.6"," 6.5"," 6.4","","","","","JAPAN","","JAPAN:  HONSHU","  37.001","  140.401","30","       7","1","","","","","","1","3","1","","","       7","1","","","","","","1","3","1","",""
"9821","","2011","5","11","16","47"," 25.7","1"," 5.1"," 5.1",""," 5.3","","","","","SPAIN","","SPAIN:  LORCA","  37.699","   -1.672","130","      10","1","","","","3","","1","","1","","1","      10","1","","","","3","","1","","1","",""
"9833","","2011","5","19","21","12"," 51.0","7"," 4.3","",""," 4.3","4.6","","","","TURKEY","","TURKEY:  SIMAV","  39.120","   29.040","140","       2","1","","","       125","3","","1","","","","2","       2","1","","","125","3","","1","","","","2"
"9858","","2011","6","13","2","20"," 49.3","6"," 6.0"," 6.0"," 6.0"," 6.0","","","","","NEW ZEALAND","","NEW ZEALAND:  SOUTH ISLAND:  CANTERBURY"," -43.564","  172.743","170","       1","1","","","        45","1","    3000.000","4","100","2","","","       1","1","","","45","1","    3000.000","4","100","2","",""
"9829","","2011","7","19","19","35"," 43.4","20"," 6.1"," 6.1"," 6.2"," 6.1","","","","","UZBEKISTAN","","UZBEKISTAN:  FARGONA, VIOLYATI","  40.081","   71.410","40","      14","1","","","        86","2","","1","","2","","","      14","1","","","86","2","","1","","2","",""
"9840","","2011","9","5","17","55"," 11.2","91"," 6.7"," 6.7",""," 6.6","","","","","INDONESIA","","INDONESIA:  SUMATRA","   2.965","   97.893","60","      10","1","","","","","","1","","","","2","      10","1","","","","","","1","","","","2"
"9842","","2011","9","18","12","40"," 51.8","50"," 6.9"," 6.9"," 6.7"," 6.6","","","","","INDIA","","INDIA:  SIKKIM","  27.730","   88.155","60","     111","3","","","       177","3","      22.300","3","6000","4","6000","4","     111","3","","","177","3","      22.300","3","","4","6000","4"
"9843","","2011","9","19","18","33"," 55.8","9"," 5.6"," 5.6"," 5.3"," 5.1","","","","","GUATEMALA","","GUATEMALA:  CUILAPA SANTA ROSA","  14.186","  -90.238","100","       1","1","","","","","","1","","","","","       1","1","","","","","","1","","","",""
"9845","","2011","10","23","10","41"," 22.9","16"," 7.1"," 7.1"," 7.3"," 6.9","","","","","TURKEY","","TURKEY:  ERCIS, VAN","  38.722","   43.513","140","     604","3","","","      2608","4","    1500.000","4","5739","4","4882","4","     604","3","","","2608","4","    1500.000","4","5739","4","4882","4"
"9886","","2011","10","28","18","54"," 34.0","24"," 6.9"," 6.9"," 6.9"," 6.5","","","","","PERU","","PERU:  SAN VICENTE DE CANETE"," -14.438","  -75.966","160","       1","1","","","       103","3","","2","134","3","","","       1","1","","","103","2","","2","134","3","",""
"9887","","2011","10","29","0","43"," 55.1","10"," 3.5","","","","3.5","","","","INDIA","","INDIA:  SIKKIM","  27.449","   88.684","60","       2","1","","","","","","","","","","","       2","1","","","","","","","","","",""
"9852","","2011","11","9","19","23"," 33.2","5"," 5.7"," 5.7"," 5.6"," 5.6","","","","","TURKEY","","TURKEY:  VAN","  38.429","   43.229","140","      40","1","","","","","","1","","1","","","      40","1","","","","","","1","","1","",""
"9853","","2011","12","11","1","47"," 25.9","54"," 6.4"," 6.4",""," 6.2","","","","","MEXICO","","MEXICO:  GUERRERO","  17.844","  -99.963","150","       2","1","","","         5","1","","2","","","70","2","       2","1","","","5","1","","2","","","70","2"
"9870","","2012","2","6","3","49"," 12.5","11"," 6.7"," 6.7"," 6.6"," 6.3","","","","","PHILIPPINES","","PHILIPPINES:  NEGROS ORIENTAL PROVINCE","   9.999","  123.206","170","      51","2","62","2","       112","3","      15.000","3","15000","4","","","      51","2","62","2","112","3","      15.000","3","15000","4","",""
"9876","Tsu","2012","3","20","18","2"," 47.4","20"," 7.4"," 7.4"," 7.6"," 6.6","","","","8","MEXICO","","MEXICO:  GUERRERO, OAXACA","  16.493","  -98.231","150","       2","1","","","        13","1","","3","800","3","","","       2","1","","","13","1","","3","800","3","",""
"9920","","2012","3","25","22","37","  6.0","41"," 7.2"," 7.2"," 7.0"," 6.5","","","","","CHILE","","CHILE:  PARRAL, SANTIAGO"," -35.200","  -72.217","160","       1","1","","","        14","1","","1","","","","2","       1","1","","","14","1","","1","","","","2"
"9879","Tsu","2012","4","11","8","38"," 36.7","20"," 8.6"," 8.6"," 8.5"," 7.4","","","","","INDONESIA","","INDONESIA:  N SUMATRA:  OFF WEST COAST","   2.327","   93.063","60","      10","1","","","        12","1","","1","","","","2","      10","1","","","12","1","","1","","","","2"
"9884","","2012","4","17","3","50"," 15.6","29"," 6.7"," 6.7"," 6.2"," 6.2","","","","","CHILE","","CHILE:  VALPARAISO"," -32.625","  -71.365","160","       2","1","","","","","","1","","","","2","       2","1","","","","","","1","","","","2"
"9931","","2012","5","12","23","48"," 43.5","10"," 5.7"," 5.7"," 5.7"," 6.0","","","","","TAJIKISTAN","","TAJIKISTAN","  38.612","   70.354","40","       1","1","","","","","","2","","3","","","       1","1","","","","","","2","","3","",""
"9902","","2012","5","20","2","3"," 52.0","6"," 6.1"," 6.1"," 6.0"," 5.8","","","","","ITALY","","ITALY:  EMILIA ROMAGNA:  MIRANDOLA","  44.890","   11.230","130","       7","1","","","","1","","4","","","","3","       7","1","","","50","1","","4","","","","3"
"9901","","2012","5","29","7","0","  3.0","10"," 5.9"," 5.9"," 5.8"," 5.9","","","","","ITALY","","ITALY:  EMILIA ROMAGNA:  MEDOLLA, MIRANDOLA, CAVEZZO","  44.851","   11.086","130","      17","1","","","       350","3","   15800.000","4","","","","","      17","1","","","350","3","   15800.000","4","","","",""
"9922","","2012","6","11","5","29"," 11.5","16"," 5.8"," 5.8"," 5.6"," 5.6","","","","","AFGHANISTAN","","AFGHANISTAN:  HINDU KUSH","  36.023","   69.351","40","      75","2","","","        13","1","","2","143","3","593","3","      75","2","","","13","1","","2","143","3","593","3"
"9919","","2012","6","24","7","59"," 34.8","10"," 5.5"," 5.5"," 5.3"," 5.5","","","","","CHINA","","CHINA:  YUNNAN AND SICHUAN PROVINCES","  27.767","  100.781","30","       4","1","","","       394","3","","4","6768","4","","","       4","1","","","394","3","","4","6768","4","",""
"9950","","2012","7","20","12","11"," 52.0","10"," 4.9","",""," 4.9","","","","","CHINA","","CHINA:  JIANGSU PROVINCE","  32.978","  119.593","30","       1","1","","","         2","1","","1","","","","","       1","1","","","2","1","","1","","","",""
"9951","","2012","7","25","0","27"," 45.2","22"," 6.5"," 6.5"," 6.5"," 5.9","","","","","INDONESIA","","INDONESIA: BANDA ACEH","   2.707","   96.045","60","       1","1","","","","","","1","","","20","1","       1","1","","","","","","1","","","20","1"
"9928","","2012","8","11","12","23"," 18.1","11"," 6.5"," 6.5"," 6.7"," 6.2","","","","","IRAN","","IRAN:  AHAR, HARIS, VARZAGAN","  38.329","   46.826","140","     306","3","","","      3000","4","","4","","4","","4","     306","3","","","3000","4","","4","","4","","4"
"9938","","2012","8","18","9","41"," 52.4","10"," 6.3"," 6.3"," 6.1"," 5.8","","","","","INDONESIA","","INDONESIA:  SULAWESI:  SIGI, PARIGI MOUNTONG","  -1.315","  120.096","170","       6","1","","","        43","1","","4","471","3","1097","4","       6","1","","","43","1","","4","471","3","1097","4"
"9935","Tsu","2012","8","31","12","47"," 33.3","28"," 7.6"," 7.6"," 7.6"," 7.2","","","","","PHILIPPINES","","PHILIPPINES:  CAGAYAN DE ORO, TACLOBAN","  10.811","  126.638","170","       1","1","","","         1","1","        .300","1","","1","","","       1","1","","","1","1","        .300","1","","1","",""
"9936","Tsu","2012","9","5","14","42","  7.8","35"," 7.6"," 7.6"," 7.7"," 6.8","","","","","COSTA RICA","","COSTA RICA:  NICOYA","  10.085","  -85.315","100","       2","1","","","        20","1","","1","","2","","","       2","1","","","20","1","","1","","2","",""
"9937","","2012","9","7","3","19"," 42.5","10"," 5.6"," 5.6"," 5.4"," 5.6","","","","","CHINA","","CHINA: YUNNAN PROVINCE:  ZHAOTONG:  YILIANG","  27.575","  103.983","30","      81","2","","","       821","3","    1000.000","4","37000","4","133000","4","      81","2","","","821","3","    1000.000","4","37000","4","133000","4"
"9942","Tsu","2012","11","7","16","35"," 46.9","24"," 7.3"," 7.3"," 7.4"," 6.6","","","","","GUATEMALA","","GUATEMALA:  SAN MARCOS, SAN CRISTOBAL COCHU","  13.988","  -91.895","100","      48","2","","","       155","3","","3","2769","4","7561","4","      48","2","","","155","3","","3","2769","4","7561","4"
"9943","","2012","11","11","1","12"," 38.8","14"," 6.8"," 6.8"," 6.7"," 6.3","","","","","MYANMAR (BURMA)","","MYANMAR (BURMA):  SHWEBO","  23.005","   95.885","60","      26","1","","","       230","3","","2","251","3","","","      26","1","","","230","3","","2","251","3","",""
"9945","","2012","12","5","17","8"," 13.5","14"," 5.7"," 5.7"," 5.6"," 5.6","","","","","IRAN","","IRAN:  KHORASAN PROVINCE","  33.506","   59.571","140","       8","1","","","        12","1","","1","","","","1","       8","1","","","12","1","","1","","","","1"
"9957","","2013","1","21","22","22"," 52.7","12"," 6.1"," 6.1"," 6.0"," 5.8","","","","","INDONESIA","","INDONESIA:  SUMATERA:  N","   4.927","   95.907","60","       1","1","","","        15","1","","1","","","71","2","       1","1","","","15","1","","1","","","71","2"
"9975","","2013","3","27","2","3"," 19.8","19"," 6.0"," 6.0"," 5.8"," 5.8","","","","","TAIWAN","","TAIWAN:  NANTOU COUNTY, TAIPEI","  23.828","  121.215","30","       1","1","","","        86","2","       1.128","2","","","","3","       1","1","","","86","2","       1.128","2","","","","3"
"9974","","2013","4","9","11","52"," 49.9","12"," 6.3"," 6.3"," 6.3"," 5.9","","","","","IRAN","","IRAN:  BUSHEHR PROVINCE:  SHANBE, KAKI, SENA","  28.428","   51.593","140","      37","1","","","       850","3","","2","","3","700","3","      37","1","","","850","3","","2","","3","700","3"
"9976","","2013","4","16","10","44"," 20.1","80"," 7.7"," 7.7",""," 7.0","","","","","IRAN","","IRAN; PAKISTAN:  MASHKAL","  28.033","   61.996","140","      40","1","","","       300","3","","3","","","1000","3","      40","1","","","300","3","","3","","","1000","3"
"10036","","2013","4","18","0","50"," 38.5","0"," 2.1","",""," 2.1","","","","","USA","","TEXAS:  WEST","  31.817","  -97.088","150","      14","1","","","       200","3","     100.000","4","50","1","","","      14","1","","","200","3","     100.000","4","50","1","",""
"9978","","2013","4","20","0","2"," 47.5","14"," 6.6"," 6.6"," 6.7"," 6.5","","","","","CHINA","","CHINA:  SICHUAN PROVINCE:  LONGMEN","  30.308","  102.888","30","     196","3","21","1","     11470","4","","3","","3","","3","     196","3","21","1","11470","4","","3","","3","","3"
"9983","","2013","4","24","9","25"," 30.0","64"," 5.5"," 5.5"," 5.6"," 5.6","","","","","AFGHANISTAN","","AFGHANISTAN:  KAMA","  34.526","   70.220","40","      18","1","","","       141","3","","2","","","676","3","      18","1","","","141","3","","2","","","676","3"
"9991","","2013","5","1","6","57"," 13.4","15"," 5.7"," 5.7"," 5.6"," 5.6","","","","","INDIA","","INDIA:  KASHMIR:  DODA, KISHTWAR, RAMBAN","  33.061","   75.863","60","       3","1","","","        90","2","      19.500","3","1136","4","95532","4","       3","1","","","90","2","      19.500","3","1136","4","95532","4"
"9994","","2013","5","11","2","8","  8.5","15"," 6.1"," 6.1"," 6.5"," 5.9","","","","","IRAN","","IRAN:  HORMOZGAN: BASHAGARD","  26.560","   57.770","140","       2","1","","","        20","1","","2","","","","3","       2","1","","","20","1","","2","","","","3"
"10002","","2013","6","2","5","43","  3.4","17"," 6.3"," 6.3"," 6.2"," 6.1","","","","","TAIWAN","","TAIWAN:  JENAI","  23.789","  121.141","30","       4","1","","","        21","1","","1","","","","","       4","1","","","21","1","","1","","","",""
"10005","","2013","7","2","7","37","  2.6","13"," 6.1"," 6.1"," 6.2"," 5.9","","","","","INDONESIA","","INDONESIA:  BANDA ACEH","   4.645","   96.665","60","      42","1","","","      2500","4","","3","20401","4","","","      42","1","6","1","2500","4","","3","20401","4","",""
"10018","","2013","7","21","23","45"," 56.6","8"," 6.0"," 6.0"," 6.2"," 6.1","","","","","CHINA","","CHINA:   GANSU:  DINGXI, MIN","  34.512","  104.262","30","      94","2","5","1","      1001","4","    1968.000","4","","4","22496","4","      94","2","5","1","1001","4","","4","1968","4","22496","4"
"10031","","2013","8","31","0","4"," 18.0","10"," 5.8"," 5.8","","","","","","","CHINA","","CHINA:  YUNNAN PROVINCE:  BENZILAN","  28.229","   99.370","30","       5","1","","","        24","1","","3","600","3","55000","4","       5","1","","","24","1","","3","600","3","55000","4"
"10030","","2013","9","7","0","13"," 29.0","67"," 6.6"," 6.6","","","","","","","GUATEMALA","","GUATEMALA:  COATEPEQUE, QUETZALTENANGO","  14.643","  -92.104","100","       1","1","","","        11","1","","1","","1","","","       1","1","","","11","1","","1","","1","",""
"10039","Tsu","2013","9","24","11","29"," 47.0","15"," 7.7"," 7.7","","","","","","","PAKISTAN","","PAKISTAN:  AWARAN, KECH","  26.971","   65.520","60","     386","3","","","       816","3","","4","32638","4","14118","4","     386","3","","","816","3","","4","32638","4","14118","4"
"10043","","2013","9","28","7","34","  7.0","15"," 6.8"," 6.8","","","","","","","PAKISTAN","","PAKISTAN: AWARAN","  27.263","   65.587","60","      22","1","","","","","","","","","","","      22","1","","","","","","","","","",""
"10048","","2013","10","15","0","12"," 32.0","20"," 7.1"," 7.1","","","","","","","PHILIPPINES","","PHILIPPINES:  BOHOL, CEBU","   9.866","  124.011","170","     186","3","11","1","       583","3","      20.300","3","","","","3","     186","3","11","1","583","","      20.600","3","","","","3"
"10050","","2013","10","22","5","40"," 43.0","48"," 5.3"," 5.3","","","","","","","INDONESIA","","INDONESIA:  BANDA ACEH","   5.067","   96.031","60","       1","1","","","         2","1","","1","","","160","3","       1","1","","","2","1","","1","","","160","3"
"10056","","2013","11","28","13","51"," 36.0","16"," 5.6"," 5.6","","","","","","","IRAN","","IRAN:  BORAZJAN","  29.363","   51.314","140","       8","1","","","       190","3","","2","250","3","","","       8","1","","","190","3","","2","250","3","",""
"10059","","2014","1","2","3","13"," 57.0","8"," 5.3"," 5.3","","","","","","","IRAN","","IRAN:  BASTAK","  27.150","   54.448","140","       1","1","","","        30","1","","1","","","","3","       1","1","","","30","1","","1","","","","3"
"10079","Tsu","2014","4","1","23","46"," 46.0","20"," 8.2"," 8.2","","","","","","","CHILE","","CHILE:  NORTHERN:  IQUIQUE, ALTO HOSPICIO"," -19.642","  -70.817","160","       7","1","","","","","","3","","","2500","4","       7","1","","","","","","3","","","2500","4"
"10094","","2014","5","8","22","51"," 15.0","15"," 4.5"," 4.5","","","","","","","PAKISTAN","","PAKISTAN:  NAWABSHAH","  26.387","   68.358","60","       2","1","","","        70","2","","1","","2","","","       2","1","","","70","2","","1","","2","",""
"10096","","2014","5","24","9","25","  3.0","10"," 6.9"," 6.9","","","","","","","GREECE","","GREECE, TURKEY","  40.305","   25.453","130","       3","1","","","       266","3","     450.000","4","","","","1","       3","1","","","266","3","    4500.000","4","","","","1"
"10102","","2014","7","7","11","23"," 55.0","60"," 6.9"," 6.9","","","","","","","MEXICO","","MEXICO; GUATEMALA:  SAN MARCOS","  14.742","  -92.409","150","      53","1","","","        33","1","","1","","1","50","1","       3","1","","","33","1","","1","","1","50","1"
"10104","","2014","7","29","10","46"," 15.0","95"," 6.3"," 6.3","","","","","","","MEXICO","","MEXICO:  OAXACA","  17.842","  -95.524","150","       1","1","","","         1","1","","1","","","","1","       1","1","","","1","1","","1","","","","1"
"10103","","2014","8","1","4","11"," 26.0","10"," 5.6"," 5.6","","","","","","","ALGERIA","","ALGERIA:  ALGIERS","  36.851","    3.161","15","       6","1","","","       420","3","","","","","","","       6","1","","","420","3","","","","","",""
"10106","","2014","8","3","8","30"," 13.0","10"," 6.1"," 6.1","","","","","","","CHINA","","CHINA:  YUNNAN:  LUDIAN:   LONGTOUSHAN, ZHAOTONG","  27.245","  103.427","30","     589","3","","","      2400","4","","3","12000","4","","","     589","3","","","2400","4","","3","12000","4","",""
"10109","","2014","8","5","10","22"," 34.0","10"," 5.3"," 5.3","","","","","","","SOUTH AFRICA","","SOUTH AFRICA"," -26.986","   26.741","10","       1","1","","","         2","1","","2","13","1","1433","4","       1","1","","","2","1","","2","13","1","1433","4"
"10113","","2014","8","12","19","57"," 58.0","5"," 5.1"," 5.1","","","","","","","ECUADOR","","ECUADOR:  QUITO","   -.076","  -78.302","160","       2","1","","","         8","1","","","","","","","       2","1","","","8","1","","","","","",""
"10110","","2014","8","24","10","20"," 44.0","11"," 6.0"," 6.0","","","","","","","USA","CA","CALIFORNIA:  NAPA, VALLEJO","  38.220"," -122.313","150","       1","1","","","       172","3","     700.000","4","126","3","532","3","       1","1","","","172","3","     700.000","4","126","3","532","3"
"10118","","2014","9","27","2","35"," 26.0","43"," 4.9"," 4.9","","","","","","","PERU","","PERU:  PACCHA"," -13.814","  -71.744","160","       8","1","","","         5","1","","1","45","3","70","3","       8","1","","","5","1","","1","45","3","70","3"
"10116","","2014","10","7","13","49"," 40.0","11"," 6.0"," 6.0","","","","","","","CHINA","","CHINA:   YUNNAN PROVINCE:  YONGPING","  23.386","  100.487","30","       1","1","","","       323","3","","1","","1","","","       1","1","","","323","3","","1","","1","",""
"10193","Tsu","2014","10","14","3","51"," 46.0","40"," 7.3"," 7.3","","","","","","7","EL SALVADOR","","EL SALVADOR:  GULF OF FONSECA","  12.526","  -88.123","100","       1","1","","","","","","1","5","1","41","1","       1","1","","","","","","1","5","1","41","1"
"10121","","2014","11","22","8","55"," 27.0","15"," 5.9"," 5.9","","","","","","","CHINA","","CHINA:  SICHUAN PROVINCE:  KANGDING","  30.343","  101.720","30","       1","1","","","        15","1","","1","2","1","","1","       1","1","","","15","1","","1","2","1","","1"
"10128","","2014","12","6","18","43"," 46.0","11"," 5.6"," 5.6","","","","","","","CHINA","","CHINA:  YUNNAN PROVINCE:  YONGPING","  23.336","  100.474","30","       1","1","","","        15","1","","2","434","3","17000","4","       1","1","","","15","1","","2","434","3","17000","4"
"10126","","2015","2","21","21","21"," 37.0","7"," 3.4"," 3.4","","","","","","","BOSNIA-HERZEGOVINA","","BALKANS NW:  BOSNIA-HERZEGOVINA:","  44.520","   18.930","130","       4","1","","","         1","1","","","","","","","       4","1","","","1","1","","","","","",""
"10132","","2015","3","14","6","13"," 34.0","10"," 4.7"," 4.7","","","","","","","CHINA","","CHINA:  ANHUI PROVINCE:  FUYANG","  33.179","  115.798","30","       2","1","","","        13","1","","2","155","3","10000","4","       2","1","","","13","1","","2","155","3","10000","4"
"10136","","2015","4","20","1","42"," 58.0","29"," 6.4"," 6.4","","","","","","","TAIWAN","","TAIWAN:  TAIPEI","  24.194","  122.327","30","       1","1","","","         1","1","       1.000","1","","","1","1","       1","1","","","1","1","","1","","","1","1"
"10134","","2015","4","25","6","11"," 25.0","15"," 7.8"," 7.8","","","","","","","NEPAL","","NEPAL:   KATHMANDU","  28.147","   84.708","60","    8200","4","366","3","     17866","4","   10000.000","4","299588","4","269107","4","    8200","4","366","3","17866","4","   10000.000","4","299588","4","269107","4"
"10141","","2015","5","12","7","5"," 19.0","15"," 7.3"," 7.3","","","","","","","NEPAL","","NEPAL:   DOLAKHA","  27.837","   86.077","60","     117","3","","","      2800","4","","2","","2","","","     117","2","","","2800","4","","2","","2","",""
"10151","","2015","6","4","23","15"," 43.0","10"," 6.0"," 6.0","","","","","","","MALAYSIA","","MALAYSIA:  SABAH:  LAHAD,DATU,KANAK","   5.987","  116.541","170","      18","1","","","","2","","1","","","23","1","      18","1","","","","2","","1","","","23","1"
"10152","","2015","7","3","1","7"," 47.0","20"," 6.4"," 6.4","","","","","","","CHINA","","CHINA:  S. XINJIANG:  HOTAN","  37.468","   78.136","40","       3","1","","","       263","3","","3","3000","4","","","       3","1","","","263","3","","3","3000","4","",""
"10145","","2015","7","24","20","59"," 54.0","19"," 5.1"," 5.1","","","","","","","PAKISTAN","","PAKISTAN:  ABBOTTABAD","  33.884","   73.225","60","       3","1","","","","","","1","3","1","","","       3","1","","","","","","1","3","1","",""
"10148","","2015","8","7","1","28"," 37.0","10"," 5.5"," 5.5","","","","","","","RWANDA","","RWANDA:  BUKAVU","  -2.102","   28.930","10","       3","1","","","        30","1","","","","","","","       3","1","","","30","1","","","","","",""
"10156","Tsu","2015","9","16","22","54"," 32.0","22"," 8.3"," 8.3","","","","","","9","CHILE","","CHILE:  CENTRAL"," -31.573","  -71.674","160","       7","1","1","1","        14","1","     600.000","4","2305","4","10044","4","      15","1","1","1","14","1","     600.000","4","2305","4","10044","4"
"10160","","2015","10","17","11","33","  8.0","14"," 5.8"," 5.8","","","","","","7","ARGENTINA","","ARGENTINA:  GALPON"," -25.420","  -64.444","160","       1","1","","","         5","1","","1","","","20","1","       1","1","","","5","1","","1","","","20","1"
"10159","","2015","10","26","9","9"," 32.0","213"," 7.5"," 7.5","","","","","","","AFGHANISTAN","","AFGHANISTAN: HINDU KUSH","  36.441","   70.717","40","     300","3","","","      1700","4","","3","4000","4","","","     300","3","","","1700","4","","3","4000","4","",""
"10161","","2015","11","7","6","58"," 30.0","14"," 5.3"," 5.3","","","","","","","VENEZUELA","","VENEZUELA:  MERIDA","   8.477","  -71.365","160","       1","1","","","","","","1","33","1","83","2","       1","1","","","","","","1","33","1","83","2"
"10164","Tsu","2015","11","17","7","10","  8.0","11"," 6.5"," 6.5","","","","","","","GREECE","","GREECE:  LEFKADA, KEFALONIA, ITHACA","  38.755","   20.552","130","       2","1","","","         4","1","","2","1","1","","2","       2","1","","","4","1","","2","1","1","","2"
"10168","","2015","12","7","7","50","  6.0","26"," 7.2"," 7.2","","","","","","","TAJIKISTAN","","TAJIKISTAN","  38.258","   72.767","40","       2","1","","","","3","","3","500","3","","","       2","1","","","","3","","3","500","3","",""
"10169","","2015","12","25","19","14"," 47.0","203"," 6.3"," 6.3","","","","","","","AFGHANISTAN","","AFGHANISTAN:  HINDU KUSH:  NANGARHAR; PAKISTAN","  36.500","   71.132","40","       2","1","","","        97","2","","1","","1","","1","       2","1","","","97","2","","1","","1","","1"
"10170","","2016","1","3","23","5"," 22.0","55"," 6.7"," 6.7","","","","","","","INDIA","","INDIA:  IMPAHL","  24.834","   93.656","60","      13","1","","","       100","2","","1","","","","2","      13","1","","","100","2","","1","","","","2"
"10174","","2016","2","5","19","57"," 27.0","23"," 6.4"," 6.4","","","","","","","TAIWAN","","TAIWAN:  TAINAN","  22.939","  120.593","30","     116","3","","","       525","3","","3","","","","","     116","3","","","525","3","","3","","","",""
"10186","","2016","4","10","10","28"," 58.0","212"," 6.6"," 6.6","","","","","","","AFGHANISTAN","","AFGHANISTAN:  KHYBER PAKHTUNKHWA","  36.472","   71.131","40","       6","1","","","         5","1","","1","","","20","1","       6","1","","","5","1","","1","","","20","1"
"10177","","2016","4","15","16","25","  6.0","10"," 7.0"," 7.0","","","","","","","JAPAN","","JAPAN:  KUMAMOTO, OITA","  32.782","  130.726","30","      50","1","","","      1500","4","    4600.000","4","80000","4","","","      50","1","","","1500","4","    4600.000","4","80000","4","",""
"10176","","2016","4","16","23","58"," 36.0","21"," 7.8"," 7.8","","","","","","","ECUADOR","","ECUADOR:  NEAR WEST COAST:  PUERTO LOPEZ, SALANGO","    .382","  -79.922","160","     662","3","9","1","      6274","4","","","6998","4","2740","4","     662","3","9","1","6274","4","","","6998","4","2740","34"
"10181","","2016","5","18","16","46"," 11.0","31"," 6.8"," 6.8","","","","","","","ECUADOR","","ECUADOR:  MANABI PROVINCE","    .465","  -79.641","160","       1","1","","","       162","3","","1","","1","32","1","       1","1","","","162","3","","1","","1","32","1"
"10191","","2016","8","15","2","58"," 59.0","10"," 5.4"," 5.4","","","","","","","PERU","","PERU:  AREQUIPA"," -15.613","  -71.671","160","       4","1","","","        67","2","","1","689","3","1291","3","       4","1","","","67","2","","1","689","3","1291","3"
"10194","","2016","8","24","1","36"," 33.0","10"," 6.2"," 6.2","","","","","","8","ITALY","","ITALY:  ACCUMOLI, ARQUATA, AMATRICE","  42.714","   13.172","130","     299","3","15","1","       368","3","","3","","3","","2","     299","3","15","1","368","3","","3","","3","","2"
"10195","","2016","8","24","10","34"," 55.0","84"," 6.8"," 6.8","","","","","","6","MYANMAR (BURMA)","","MYANMAR (BURMA): CHAUK","  20.919","   94.579","60","       3","1","","","        20","1","","2","","","200","3","       3","1","","","20","1","","2","","","200","2"
"10197","","2016","9","10","12","27"," 33.0","40"," 5.9"," 5.9","","","","","","","TANZANIA","","TANZANIA:  LAKE VICTORIA","  -1.030","   31.560","10","      19","1","","","       252","3","","3","1044","4","6281","4","      19","1","","","252","3","","3","1044","4","6281","4"
"10199","","2016","9","12","11","32"," 54.0","10"," 4.6"," 4.6","","","","","","","SOUTH KOREA","","SOUTH KOREA:  GYEONGJU","  35.769","  129.227","30","       1","1","","","        14","1","","1","","","106","3","       1","1","","","14","1","","1","","","106","3"
"10228","","2016","9","23","19","11"," 56.0","10"," 4.8",""," 4.8","","","","","","RWANDA","","RWANDA:  RISUZI; CONGO:  UKAVU","  -2.650","   29.060","10","       3","1","","","        25","1","","1","","1","","","       3","1","","","25","1","","1","","1","",""
"10229","","2016","10","1","8","4"," 34.0","10"," 5.4"," 5.4","","","","","","","PAKISTAN","","PAKISTAN:  MANSEHRA, NARAN","  34.905","   73.682","60","       1","1","","","","2","","1","","2","","","       1","1","","","","2","","1","","2","",""
"10201","","2016","10","26","19","18","  8.0","10"," 6.6"," 6.6","","","","","","","ITALY","","ITALY:  VISSO, USSITA","  42.934","   13.043","130","       1","1","","","","1","","1","","","1001","4","       1","1","","","","1","","1","","","1001","4"
"10206","Tsu","2016","11","13","11","2"," 56.0","53"," 7.8"," 7.8","","","","","","","NEW ZEALAND","","NEW ZEALAND:  AMBERLEY"," -42.757","  173.077","170","       2","1","","","","","","2","","","","1","       2","1","","","","","","2","1","1","","1"
"10230","","2016","11","27","23","35"," 21.0","10"," 5.4"," 5.4","","","","","","","NEPAL","","NEPAL:   MOUNT AMA DABLAM, CHARIKHARKA","  27.806","   86.532","40","       1","1","","","         1","1","","1","2","1","","","       1","1","","","1","1","","1","2","1","",""
"10231","","2016","11","29","20","9"," 39.0","5","","","","","","","","","POLAND","","POLAND:  RUDNA","  51.613","   16.157","120","       8","1","","","         9","1","","1","","","","","       8","1","","","9","1","","1","","","",""
"10232","","2016","12","1","22","40"," 15.0","10"," 6.2"," 6.2","","","","","","","PERU","","PERU:  PUNO, LAMPA"," -15.294","  -70.823","160","       1","1","","","        17","1","","1","8","1","40","1","       1","1","","","17","1","","1","8","1","40","1"
"10215","","2016","12","6","22","3"," 32.0","8"," 6.5"," 6.5","","","","","","","INDONESIA","","INDONESIA:  SUMATRA:  ACEH:  PIDIE JAYA","   5.281","   96.108","60","     101","3","","","       600","3","","3","245","3","11922","4","     101","3","","","857","3","","3","245","3","11922","4"
"10218","","2016","12","8","17","38"," 46.0","41"," 7.8"," 7.8","","","","","","","SOLOMON ISLANDS","","SOLOMON ISLANDS"," -10.665","  161.335","170","       1","1","","","","","","1","191","3","126","3","       1","1","","","","","","1","191","3","126","3"
"10221","","2016","12","19","7","11"," 39.0","10"," 5.4"," 5.4","","","","","","","ECUADOR","","ECUADOR:  ESMERALDAS","    .816","  -79.740","160","       3","1","","","","","","1","10","1","65","1","       3","1","","","15","1","","1","10","1","65","1"
"",